['abs_double_grad', 'https://github.com/PaddlePaddle/Paddle/blob/develop/paddle/phi/kernels/gpu/abs_grad_kernel.cu', 'zhangyikun02', '2022-10-21']
['accuracy_check', 'https://github.com/PaddlePaddle/Paddle/blob/develop/paddle/phi/kernels/gpu/accuracy_check_kernel.cu', 'chen2016013', '2024-06-14']
['adagrad_dense_param_sparse_grad', 'https://github.com/PaddlePaddle/Paddle/blob/develop/paddle/phi/kernels/gpu/adagrad_kernel.cu', 'hong', '2022-03-28']
['add_group_norm_silu', 'https://github.com/PaddlePaddle/Paddle/blob/develop/paddle/phi/kernels/gpu/group_norm_kernel.cu', 'bukejiyu', '2024-06-04']
['add_n_array', 'https://github.com/PaddlePaddle/Paddle/blob/develop/paddle/phi/kernels/gpu/add_n_kernel.cu', 'YuanRisheng', '2022-09-19']
['affine_channel', 'https://github.com/PaddlePaddle/Paddle/blob/develop/paddle/phi/kernels/gpu/affine_channel_kernel.cu', 'co63oc', '2024-06-20']
['affine_channel_grad', 'https://github.com/PaddlePaddle/Paddle/blob/develop/paddle/phi/kernels/gpu/affine_channel_grad_kernel.cu', 'co63oc', '2024-06-20']
['all_reduce', 'https://github.com/PaddlePaddle/Paddle/blob/develop/paddle/phi/kernels/gpu/all_reduce_kernel.cu', 'yu wentao', '2023-03-24']
['all_to_all', 'https://github.com/PaddlePaddle/Paddle/blob/develop/paddle/phi/kernels/gpu/all_to_all_kernel.cu', 'wentao yu', '2023-06-27']
['arange_tensor', 'https://github.com/PaddlePaddle/Paddle/blob/develop/paddle/phi/kernels/gpu/arange_kernel.cu', 'csy0225', '2022-03-31']
['asgd', 'https://github.com/PaddlePaddle/Paddle/blob/develop/paddle/phi/kernels/gpu/asgd_kernel.cu', 'Winters Montagne', '2024-01-25']
['assign_pos', 'https://github.com/PaddlePaddle/Paddle/blob/develop/paddle/phi/kernels/gpu/assign_pos_kernel.cu', 'Sonder', '2023-08-16']
['barrier', 'https://github.com/PaddlePaddle/Paddle/blob/develop/paddle/phi/kernels/gpu/barrier_kernel.cu', 'ZhenxingLi', '2024-12-16']
['batch_fc', 'https://github.com/PaddlePaddle/Paddle/blob/develop/paddle/phi/kernels/gpu/batch_fc_kernel.cu', 'co63oc', '2024-06-24']
['batch_fc_grad', 'https://github.com/PaddlePaddle/Paddle/blob/develop/paddle/phi/kernels/gpu/batch_fc_grad_kernel.cu', 'co63oc', '2024-06-24']
['batch_norm_double_grad', 'https://github.com/PaddlePaddle/Paddle/blob/develop/paddle/phi/kernels/gpu/batch_norm_grad_kernel.cu', 'hong', '2022-03-03']
['beam_search', 'https://github.com/PaddlePaddle/Paddle/blob/develop/paddle/phi/kernels/gpu/beam_search_kernel.cu', 'co63oc', '2024-06-20']
['beam_search_decode', 'https://github.com/PaddlePaddle/Paddle/blob/develop/paddle/phi/kernels/gpu/beam_search_decode_kernel.cu', 'co63oc', '2024-07-02']
['bilinear_interp', 'https://github.com/PaddlePaddle/Paddle/blob/develop/paddle/phi/kernels/gpu/interpolate_kernel.cu', 'chentianyu03', '2022-04-01']
['bilinear_interp_grad', 'https://github.com/PaddlePaddle/Paddle/blob/develop/paddle/phi/kernels/gpu/interpolate_grad_kernel.cu', 'chentianyu03', '2022-04-01']
['binomial', 'https://github.com/PaddlePaddle/Paddle/blob/develop/paddle/phi/kernels/gpu/binomial_kernel.cu', 'AyaseNana', '2023-12-13']
['box_clip', 'https://github.com/PaddlePaddle/Paddle/blob/develop/paddle/phi/kernels/gpu/box_clip_kernel.cu', 'co63oc', '2024-05-16']
['c_concat', 'https://github.com/PaddlePaddle/Paddle/blob/develop/paddle/phi/kernels/gpu/c_concat_kernel.cu', 'ZhenxingLi', '2024-10-24']
['c_embedding', 'https://github.com/PaddlePaddle/Paddle/blob/develop/paddle/phi/kernels/gpu/c_embedding_kernel.cu', 'Ruibin Cheung', '2023-08-16']
['c_embedding_grad', 'https://github.com/PaddlePaddle/Paddle/blob/develop/paddle/phi/kernels/gpu/c_embedding_grad_kernel.cu', 'Ruibin Cheung', '2023-08-16']
['c_identity', 'https://github.com/PaddlePaddle/Paddle/blob/develop/paddle/phi/kernels/gpu/c_identity_kernel.cu', 'Sonder', '2023-08-29']
['c_scatter', 'https://github.com/PaddlePaddle/Paddle/blob/develop/paddle/phi/kernels/gpu/c_scatter_kernel.cu', 'co63oc', '2024-08-06']
['c_softmax_with_cross_entropy', 'https://github.com/PaddlePaddle/Paddle/blob/develop/paddle/phi/kernels/gpu/c_softmax_with_cross_entropy_kernel.cu', 'Function-Samuel', '2024-12-13']
['c_softmax_with_cross_entropy_grad', 'https://github.com/PaddlePaddle/Paddle/blob/develop/paddle/phi/kernels/gpu/c_softmax_with_cross_entropy_grad_kernel.cu', 'Function-Samuel', '2024-12-13']
['c_split', 'https://github.com/PaddlePaddle/Paddle/blob/develop/paddle/phi/kernels/gpu/c_split_kernel.cu', 'Ruibin Cheung', '2023-08-22']
['cast', 'https://github.com/PaddlePaddle/Paddle/blob/develop/paddle/phi/kernels/gpu/cast_kernel.cu', 'iLeGend', '2023-03-13']
['check_model_nan_inf', 'https://github.com/PaddlePaddle/Paddle/blob/develop/paddle/phi/kernels/gpu/debug_tools_kernel.cu', 'niuliling123', '2023-08-24']
['check_numerics', 'https://github.com/PaddlePaddle/Paddle/blob/develop/paddle/phi/kernels/gpu/check_numerics_kernel.cu', 'Yiqun Liu', '2023-05-30']
['collect_fpn_proposals', 'https://github.com/PaddlePaddle/Paddle/blob/develop/paddle/phi/kernels/gpu/collect_fpn_proposals_kernel.cu', 'co63oc', '2024-07-23']
['comm_init_all', 'https://github.com/PaddlePaddle/Paddle/blob/develop/paddle/phi/kernels/gpu/comm_init_all_kernel.cu', 'co63oc', '2024-08-21']
['contiguous', 'https://github.com/PaddlePaddle/Paddle/blob/develop/paddle/phi/kernels/gpu/contiguous_kernel.cu', 'wanghuancoder', '2023-07-31']
['conv2d_double_grad', 'https://github.com/PaddlePaddle/Paddle/blob/develop/paddle/phi/kernels/gpu/conv_grad_kernel.cu', 'Chen Weihang', '2022-10-31']
['copysign_grad', 'https://github.com/PaddlePaddle/Paddle/blob/develop/paddle/phi/kernels/gpu/elementwise_grad_kernel.cu', 'coco', '2024-01-19']
['correlation', 'https://github.com/PaddlePaddle/Paddle/blob/develop/paddle/phi/kernels/gpu/correlation_kernel.cu', 'co63oc', '2024-05-10']
['correlation_grad', 'https://github.com/PaddlePaddle/Paddle/blob/develop/paddle/phi/kernels/gpu/correlation_grad_kernel.cu', 'co63oc', '2024-05-10']
['cos_double_grad', 'https://github.com/PaddlePaddle/Paddle/blob/develop/paddle/phi/kernels/gpu/activation_grad_kernel.cu', 'cyber-pioneer', '2022-11-04']
['cos_triple_grad', 'https://github.com/PaddlePaddle/Paddle/blob/develop/paddle/phi/kernels/gpu/activation_grad_kernel.cu', 'cyber-pioneer', '2022-11-14']
['crop', 'https://github.com/PaddlePaddle/Paddle/blob/develop/paddle/phi/kernels/gpu/crop_kernel.cu', 'freeliuzc', '2022-07-27']
['crop_grad', 'https://github.com/PaddlePaddle/Paddle/blob/develop/paddle/phi/kernels/gpu/crop_grad_kernel.cu', 'freeliuzc', '2022-07-27']
['cross_entropy', 'https://github.com/PaddlePaddle/Paddle/blob/develop/paddle/phi/kernels/gpu/cross_entropy2_kernel.cu', 'co63oc', '2024-05-28']
['cross_entropy2', 'https://github.com/PaddlePaddle/Paddle/blob/develop/paddle/phi/kernels/gpu/cross_entropy2_kernel.cu', 'co63oc', '2024-05-28']
['cross_entropy_grad', 'https://github.com/PaddlePaddle/Paddle/blob/develop/paddle/phi/kernels/gpu/cross_entropy2_grad_kernel.cu', 'co63oc', '2024-05-28']
['cross_entropy_grad2', 'https://github.com/PaddlePaddle/Paddle/blob/develop/paddle/phi/kernels/gpu/cross_entropy2_grad_kernel.cu', 'co63oc', '2024-05-28']
['ctc_align', 'https://github.com/PaddlePaddle/Paddle/blob/develop/paddle/phi/kernels/gpu/ctc_align_kernel.cu', 'co63oc', '2024-05-13']
['cudnn_lstm', 'https://github.com/PaddlePaddle/Paddle/blob/develop/paddle/phi/kernels/gpu/cudnn_lstm_kernel.cu', 'huangjiyi', '2023-05-16']
['cudnn_lstm_grad', 'https://github.com/PaddlePaddle/Paddle/blob/develop/paddle/phi/kernels/gpu/cudnn_lstm_grad_kernel.cu', 'huangjiyi', '2023-05-16']
['cummax', 'https://github.com/PaddlePaddle/Paddle/blob/develop/paddle/phi/kernels/gpu/cum_maxmin_kernel.cu', 'NetPunk', '2023-06-13']
['cummax_grad', 'https://github.com/PaddlePaddle/Paddle/blob/develop/paddle/phi/kernels/gpu/cum_maxmin_grad_kernel.cu', 'NetPunk', '2023-06-13']
['cummin', 'https://github.com/PaddlePaddle/Paddle/blob/develop/paddle/phi/kernels/gpu/cum_maxmin_kernel.cu', 'NetPunk', '2023-06-13']
['cummin_grad', 'https://github.com/PaddlePaddle/Paddle/blob/develop/paddle/phi/kernels/gpu/cum_maxmin_grad_kernel.cu', 'NetPunk', '2023-06-13']
['cvm', 'https://github.com/PaddlePaddle/Paddle/blob/develop/paddle/phi/kernels/gpu/cvm_kernel.cu', 'co63oc', '2024-06-20']
['cvm_grad', 'https://github.com/PaddlePaddle/Paddle/blob/develop/paddle/phi/kernels/gpu/cvm_grad_kernel.cu', 'co63oc', '2024-06-20']
['decayed_adagrad', 'https://github.com/PaddlePaddle/Paddle/blob/develop/paddle/phi/kernels/gpu/decayed_adagrad_kernel.cu', 'Wang Xin', '2023-08-08']
['depend', 'https://github.com/PaddlePaddle/Paddle/blob/develop/paddle/phi/kernels/gpu/depend_kernel.cu', 'co63oc', '2024-05-16']
['dequantize_abs_max', 'https://github.com/PaddlePaddle/Paddle/blob/develop/paddle/phi/kernels/gpu/dequantize_abs_max_kernel.cu', 'cyberslack_lee', '2024-04-30']
['dequantize_linear', 'https://github.com/PaddlePaddle/Paddle/blob/develop/paddle/phi/kernels/gpu/quantize_linear_kernel.cu', 'Sonder', '2023-10-09']
['dequantize_linear_deprecated', 'https://github.com/PaddlePaddle/Paddle/blob/develop/paddle/phi/kernels/gpu/quantize_linear_kernel.cu', 'cyberslack_lee', '2024-05-21']
['dequantize_log', 'https://github.com/PaddlePaddle/Paddle/blob/develop/paddle/phi/kernels/gpu/dequantize_log_kernel.cu', 'Zero Rains', '2024-04-22']
['dgc_clip_by_norm', 'https://github.com/PaddlePaddle/Paddle/blob/develop/paddle/phi/kernels/gpu/dgc_clip_by_norm_kernel.cu', 'co63oc', '2024-06-26']
['dgc_momentum', 'https://github.com/PaddlePaddle/Paddle/blob/develop/paddle/phi/kernels/gpu/dgc_momentum_kernel.cu', 'huangjiyi', '2023-04-04']
['dist_concat', 'https://github.com/PaddlePaddle/Paddle/blob/develop/paddle/phi/kernels/gpu/dist_concat_kernel.cu', 'Xing-lil', '2023-07-13']
['einsum_infer', 'https://github.com/PaddlePaddle/Paddle/blob/develop/paddle/phi/kernels/gpu/einsum_kernel.cu', 'YuanRisheng', '2022-07-20']
['embedding_with_scaled_gradient_grad', 'https://github.com/PaddlePaddle/Paddle/blob/develop/paddle/phi/kernels/gpu/embedding_with_scaled_gradient_grad_kernel.cu', 'Nana', '2024-12-16']
['expand', 'https://github.com/PaddlePaddle/Paddle/blob/develop/paddle/phi/kernels/gpu/expand_kernel.cu', 'Linjie Chen', '2022-02-15']
['expand_grad', 'https://github.com/PaddlePaddle/Paddle/blob/develop/paddle/phi/kernels/gpu/expand_grad_kernel.cu', 'Linjie Chen', '2022-02-15']
['fake_channel_wise_dequantize_max_abs', 'https://github.com/PaddlePaddle/Paddle/blob/develop/paddle/phi/kernels/gpu/fake_dequantize_kernel.cu', 'AyaseNana', '2024-05-27']
['fake_channel_wise_quantize_abs_max', 'https://github.com/PaddlePaddle/Paddle/blob/develop/paddle/phi/kernels/gpu/fake_quantize_kernel.cu', 'AyaseNana', '2024-05-16']
['fake_channel_wise_quantize_dequantize_abs_max', 'https://github.com/PaddlePaddle/Paddle/blob/develop/paddle/phi/kernels/gpu/fake_quantize_kernel.cu', 'AyaseNana', '2024-05-16']
['fake_dequantize_max_abs', 'https://github.com/PaddlePaddle/Paddle/blob/develop/paddle/phi/kernels/gpu/fake_dequantize_kernel.cu', 'AyaseNana', '2024-05-23']
['fake_quantize_abs_max', 'https://github.com/PaddlePaddle/Paddle/blob/develop/paddle/phi/kernels/gpu/fake_quantize_kernel.cu', 'Zero Rains', '2024-04-29']
['fake_quantize_dequantize_abs_max', 'https://github.com/PaddlePaddle/Paddle/blob/develop/paddle/phi/kernels/gpu/fake_quantize_kernel.cu', 'Zero Rains', '2024-05-22']
['fake_quantize_dequantize_moving_average_abs_max', 'https://github.com/PaddlePaddle/Paddle/blob/develop/paddle/phi/kernels/gpu/fake_quantize_kernel.cu', 'Zero Rains', '2024-05-22']
['fake_quantize_moving_average_abs_max', 'https://github.com/PaddlePaddle/Paddle/blob/develop/paddle/phi/kernels/gpu/fake_quantize_kernel.cu', 'Zero Rains', '2024-04-26']
['fake_quantize_range_abs_max', 'https://github.com/PaddlePaddle/Paddle/blob/develop/paddle/phi/kernels/gpu/fake_quantize_kernel.cu', 'Zero Rains', '2024-04-22']
['fetch_barrier', 'https://github.com/PaddlePaddle/Paddle/blob/develop/paddle/phi/kernels/gpu/fetch_barrier_kernel.cu', 'co63oc', '2024-06-24']
['fft_c2c', 'https://github.com/PaddlePaddle/Paddle/blob/develop/paddle/phi/kernels/gpu/fft_kernel.cu', 'Feiyu Chan', '2022-08-05']
['fft_c2c_grad', 'https://github.com/PaddlePaddle/Paddle/blob/develop/paddle/phi/kernels/gpu/fft_grad_kernel.cu', 'Feiyu Chan', '2022-08-05']
['fft_c2r', 'https://github.com/PaddlePaddle/Paddle/blob/develop/paddle/phi/kernels/gpu/fft_kernel.cu', 'Feiyu Chan', '2022-08-05']
['fft_c2r_grad', 'https://github.com/PaddlePaddle/Paddle/blob/develop/paddle/phi/kernels/gpu/fft_grad_kernel.cu', 'Feiyu Chan', '2022-08-05']
['fft_r2c', 'https://github.com/PaddlePaddle/Paddle/blob/develop/paddle/phi/kernels/gpu/fft_kernel.cu', 'Difer', '2023-03-19']
['fft_r2c_grad', 'https://github.com/PaddlePaddle/Paddle/blob/develop/paddle/phi/kernels/gpu/fft_grad_kernel.cu', 'Ruibiao Chen', '2023-04-04']
['flash_attn_qkvpacked', 'https://github.com/PaddlePaddle/Paddle/blob/develop/paddle/phi/kernels/gpu/flash_attn_kernel.cu', 'Guoxia Wang', '2024-03-28']
['flash_attn_qkvpacked_grad', 'https://github.com/PaddlePaddle/Paddle/blob/develop/paddle/phi/kernels/gpu/flash_attn_grad_kernel.cu', 'Guoxia Wang', '2024-03-28']
['flash_attn_varlen_qkvpacked', 'https://github.com/PaddlePaddle/Paddle/blob/develop/paddle/phi/kernels/gpu/flash_attn_kernel.cu', 'Chitsing KUI', '2023-03-10']
['flash_attn_varlen_qkvpacked_grad', 'https://github.com/PaddlePaddle/Paddle/blob/develop/paddle/phi/kernels/gpu/flash_attn_grad_kernel.cu', 'Chitsing KUI', '2023-03-10']
['flashmask_attention', 'https://github.com/PaddlePaddle/Paddle/blob/develop/paddle/phi/kernels/gpu/flash_attn_kernel.cu', 'Xiao Xiyuan', '2024-05-07']
['flashmask_attention_grad', 'https://github.com/PaddlePaddle/Paddle/blob/develop/paddle/phi/kernels/gpu/flash_attn_grad_kernel.cu', 'Xiao Xiyuan', '2024-05-07']
['flatten2', 'https://github.com/PaddlePaddle/Paddle/blob/develop/paddle/phi/kernels/gpu/flatten2_kernel.cu', 'co63oc', '2024-05-23']
['flatten2_grad', 'https://github.com/PaddlePaddle/Paddle/blob/develop/paddle/phi/kernels/gpu/flatten2_grad_kernel.cu', 'co63oc', '2024-05-23']
['fractional_max_pool2d', 'https://github.com/PaddlePaddle/Paddle/blob/develop/paddle/phi/kernels/gpu/pool_kernel.cu', 'megemini', '2024-01-12']
['fractional_max_pool2d_grad', 'https://github.com/PaddlePaddle/Paddle/blob/develop/paddle/phi/kernels/gpu/pool_grad_kernel.cu', 'megemini', '2024-01-12']
['fractional_max_pool3d', 'https://github.com/PaddlePaddle/Paddle/blob/develop/paddle/phi/kernels/gpu/pool_kernel.cu', 'megemini', '2024-01-12']
['fractional_max_pool3d_grad', 'https://github.com/PaddlePaddle/Paddle/blob/develop/paddle/phi/kernels/gpu/pool_grad_kernel.cu', 'megemini', '2024-01-12']
['ftrl', 'https://github.com/PaddlePaddle/Paddle/blob/develop/paddle/phi/kernels/gpu/ftrl_kernel.cu', 'co63oc', '2024-06-20']
['full_with_tensor', 'https://github.com/PaddlePaddle/Paddle/blob/develop/paddle/phi/kernels/gpu/full_kernel.cu', 'wanghuancoder', '2023-08-23']
['fused_adam', 'https://github.com/PaddlePaddle/Paddle/blob/develop/paddle/phi/kernels/gpu/fused_adam_kernel.cu', 'yuehuayingxueluo', '2023-02-09']
['fused_token_prune', 'https://github.com/PaddlePaddle/Paddle/blob/develop/paddle/phi/kernels/gpu/fused_token_prune_kernel.cu', 'co63oc', '2024-05-20']
['gammaincc', 'https://github.com/PaddlePaddle/Paddle/blob/develop/paddle/phi/kernels/gpu/gammaincc_kernel.cu', 'Wang Xin', '2024-01-24']
['gammaincc_grad', 'https://github.com/PaddlePaddle/Paddle/blob/develop/paddle/phi/kernels/gpu/gammaincc_grad_kernel.cu', 'Wang Xin', '2024-01-24']
['gammaln', 'https://github.com/PaddlePaddle/Paddle/blob/develop/paddle/phi/kernels/gpu/gammaln_kernel.cu', 'Wang Xin', '2024-01-05']
['gammaln_grad', 'https://github.com/PaddlePaddle/Paddle/blob/develop/paddle/phi/kernels/gpu/gammaln_grad_kernel.cu', 'Wang Xin', '2024-01-05']
['gaussian_inplace', 'https://github.com/PaddlePaddle/Paddle/blob/develop/paddle/phi/kernels/gpu/gaussian_kernel.cu', 'GGBond8488', '2023-09-22']
['gaussian_inplace_grad', 'https://github.com/PaddlePaddle/Paddle/blob/develop/paddle/phi/kernels/gpu/gaussian_inplace_grad_kernel.cu', 'GGBond8488', '2023-09-22']
['generate_proposals', 'https://github.com/PaddlePaddle/Paddle/blob/develop/paddle/phi/kernels/gpu/generate_proposals_kernel.cu', 'zhiboniu', '2022-08-04']
['global_gather', 'https://github.com/PaddlePaddle/Paddle/blob/develop/paddle/phi/kernels/gpu/global_gather_kernel.cu', 'co63oc', '2024-10-28']
['global_scatter', 'https://github.com/PaddlePaddle/Paddle/blob/develop/paddle/phi/kernels/gpu/global_scatter_kernel.cu', 'co63oc', '2024-10-28']
['gru', 'https://github.com/PaddlePaddle/Paddle/blob/develop/paddle/phi/kernels/gpu/gru_kernel.cu', 'co63oc', '2024-05-29']
['gru_grad', 'https://github.com/PaddlePaddle/Paddle/blob/develop/paddle/phi/kernels/gpu/gru_grad_kernel.cu', 'co63oc', '2024-05-29']
['gru_unit', 'https://github.com/PaddlePaddle/Paddle/blob/develop/paddle/phi/kernels/gpu/gru_unit_kernel.cu', 'co63oc', '2024-05-29']
['gru_unit_grad', 'https://github.com/PaddlePaddle/Paddle/blob/develop/paddle/phi/kernels/gpu/gru_unit_grad_kernel.cu', 'co63oc', '2024-05-29']
['hinge_loss', 'https://github.com/PaddlePaddle/Paddle/blob/develop/paddle/phi/kernels/gpu/hinge_loss_kernel.cu', 'co63oc', '2024-06-20']
['hinge_loss_grad', 'https://github.com/PaddlePaddle/Paddle/blob/develop/paddle/phi/kernels/gpu/hinge_loss_grad_kernel.cu', 'co63oc', '2024-06-20']
['i0', 'https://github.com/PaddlePaddle/Paddle/blob/develop/paddle/phi/kernels/gpu/i0_kernel.cu', 'PommesPeter', '2023-05-12']
['i0_grad', 'https://github.com/PaddlePaddle/Paddle/blob/develop/paddle/phi/kernels/gpu/i0_grad_kernel.cu', 'PommesPeter', '2023-05-12']
['i0e', 'https://github.com/PaddlePaddle/Paddle/blob/develop/paddle/phi/kernels/gpu/i0e_kernel.cu', 'PommesPeter', '2023-05-12']
['i0e_grad', 'https://github.com/PaddlePaddle/Paddle/blob/develop/paddle/phi/kernels/gpu/i0e_grad_kernel.cu', 'PommesPeter', '2023-05-12']
['i1', 'https://github.com/PaddlePaddle/Paddle/blob/develop/paddle/phi/kernels/gpu/i1_kernel.cu', 'LyndonKong', '2023-05-17']
['i1_grad', 'https://github.com/PaddlePaddle/Paddle/blob/develop/paddle/phi/kernels/gpu/i1_grad_kernel.cu', 'LyndonKong', '2023-05-17']
['i1e', 'https://github.com/PaddlePaddle/Paddle/blob/develop/paddle/phi/kernels/gpu/i1e_kernel.cu', 'LyndonKong', '2023-05-17']
['i1e_grad', 'https://github.com/PaddlePaddle/Paddle/blob/develop/paddle/phi/kernels/gpu/i1e_grad_kernel.cu', 'LyndonKong', '2023-05-17']
['im2sequence', 'https://github.com/PaddlePaddle/Paddle/blob/develop/paddle/phi/kernels/gpu/im2sequence_kernel.cu', 'co63oc', '2024-06-24']
['im2sequence_grad', 'https://github.com/PaddlePaddle/Paddle/blob/develop/paddle/phi/kernels/gpu/im2sequence_grad_kernel.cu', 'co63oc', '2024-06-24']
['index_put', 'https://github.com/PaddlePaddle/Paddle/blob/develop/paddle/phi/kernels/gpu/index_put_kernel.cu', '傅剑寒', '2023-05-10']
['index_put_grad', 'https://github.com/PaddlePaddle/Paddle/blob/develop/paddle/phi/kernels/gpu/index_put_grad_kernel.cu', '傅剑寒', '2023-05-10']
['instance_norm_double_grad', 'https://github.com/PaddlePaddle/Paddle/blob/develop/paddle/phi/kernels/gpu/instance_norm_grad_kernel.cu', 'qizhaoaoe', '2023-04-10']
['l1_norm', 'https://github.com/PaddlePaddle/Paddle/blob/develop/paddle/phi/kernels/gpu/l1_norm_kernel.cu', 'Galaxy1458', '2024-04-25']
['l1_norm_grad', 'https://github.com/PaddlePaddle/Paddle/blob/develop/paddle/phi/kernels/gpu/l1_norm_grad_kernel.cu', 'Galaxy1458', '2024-04-25']
['lars_momentum', 'https://github.com/PaddlePaddle/Paddle/blob/develop/paddle/phi/kernels/gpu/lars_momentum_kernel.cu', 'gouzil', '2023-08-29']
['limit_by_capacity', 'https://github.com/PaddlePaddle/Paddle/blob/develop/paddle/phi/kernels/gpu/limit_by_capacity_kernel.cu', 'yangguohao', '2023-08-03']
['llm_int8_linear', 'https://github.com/PaddlePaddle/Paddle/blob/develop/paddle/phi/kernels/gpu/llm_int8_linear_kernel.cu', 'zhenyun', '2023-07-03']
['load_combine', 'https://github.com/PaddlePaddle/Paddle/blob/develop/paddle/phi/kernels/gpu/load_combine_kernel.cu', 'co63oc', '2024-10-23']
['load_combine_extended', 'https://github.com/PaddlePaddle/Paddle/blob/develop/paddle/phi/kernels/gpu/load_combine_kernel.cu', 'co63oc', '2024-10-23']
['load_combine_vocab', 'https://github.com/PaddlePaddle/Paddle/blob/develop/paddle/phi/kernels/gpu/load_combine_kernel.cu', 'co63oc', '2024-10-23']
['lod_reset', 'https://github.com/PaddlePaddle/Paddle/blob/develop/paddle/phi/kernels/gpu/lod_reset_kernel.cu', 'co63oc', '2024-09-23']
['lod_reset_grad', 'https://github.com/PaddlePaddle/Paddle/blob/develop/paddle/phi/kernels/gpu/lod_reset_grad_kernel.cu', 'co63oc', '2024-09-23']
['lookup_table', 'https://github.com/PaddlePaddle/Paddle/blob/develop/paddle/phi/kernels/gpu/lookup_table_kernel.cu', 'co63oc', '2024-09-20']
['lookup_table_grad', 'https://github.com/PaddlePaddle/Paddle/blob/develop/paddle/phi/kernels/gpu/lookup_table_grad_kernel.cu', 'co63oc', '2024-09-20']
['lookup_table_sparse_grad', 'https://github.com/PaddlePaddle/Paddle/blob/develop/paddle/phi/kernels/gpu/lookup_table_grad_kernel.cu', 'co63oc', '2024-09-20']
['lp_pool2d', 'https://github.com/PaddlePaddle/Paddle/blob/develop/paddle/phi/kernels/gpu/pool_kernel.cu', 'Wei Shengyu', '2023-04-12']
['lp_pool2d_grad', 'https://github.com/PaddlePaddle/Paddle/blob/develop/paddle/phi/kernels/gpu/pool_grad_kernel.cu', 'Asthestarsfalll', '2024-06-07']
['lrn', 'https://github.com/PaddlePaddle/Paddle/blob/develop/paddle/phi/kernels/gpu/lrn_kernel.cu', 'co63oc', '2024-06-26']
['lrn_grad', 'https://github.com/PaddlePaddle/Paddle/blob/develop/paddle/phi/kernels/gpu/lrn_grad_kernel.cu', 'co63oc', '2024-06-26']
['lstm', 'https://github.com/PaddlePaddle/Paddle/blob/develop/paddle/phi/kernels/gpu/lstm_kernel.cu', 'co63oc', '2024-06-04']
['lstm_grad', 'https://github.com/PaddlePaddle/Paddle/blob/develop/paddle/phi/kernels/gpu/lstm_grad_kernel.cu', 'co63oc', '2024-06-04']
['matmul', 'https://github.com/PaddlePaddle/Paddle/blob/develop/paddle/phi/kernels/gpu/matmul_kernel.cu', 'YSF', '2023-09-14']
['matmul_grad', 'https://github.com/PaddlePaddle/Paddle/blob/develop/paddle/phi/kernels/gpu/matmul_grad_kernel.cu', 'zyfncg', '2022-01-11']
['matmul_with_flatten_double_grad', 'https://github.com/PaddlePaddle/Paddle/blob/develop/paddle/phi/kernels/gpu/matmul_grad_kernel.cu', 'Chen Weihang', '2022-03-24']
['momentum_dense_param_sparse_grad', 'https://github.com/PaddlePaddle/Paddle/blob/develop/paddle/phi/kernels/gpu/momentum_kernel.cu', 'hong', '2022-03-28']
['moving_average_abs_max_scale', 'https://github.com/PaddlePaddle/Paddle/blob/develop/paddle/phi/kernels/gpu/moving_average_abs_max_scale_kernel.cu', 'co63oc', '2024-08-12']
['mp_allreduce_sum', 'https://github.com/PaddlePaddle/Paddle/blob/develop/paddle/phi/kernels/gpu/mp_allreduce_sum_kernel.cu', 'co63oc', '2024-10-30']
['multiclass_nms3', 'https://github.com/PaddlePaddle/Paddle/blob/develop/paddle/phi/kernels/gpu/multiclass_nms3_kernel.cu', 'Tian Zheng', '2023-05-22']
['multinomial', 'https://github.com/PaddlePaddle/Paddle/blob/develop/paddle/phi/kernels/gpu/multinomial_kernel.cu', 'Aganlengzi', '2022-02-24']
['nadam', 'https://github.com/PaddlePaddle/Paddle/blob/develop/paddle/phi/kernels/gpu/nadam_kernel.cu', 'megemini', '2024-05-16']
['nearest_interp', 'https://github.com/PaddlePaddle/Paddle/blob/develop/paddle/phi/kernels/gpu/interpolate_kernel.cu', 'co63oc', '2024-07-09']
['nearest_interp_grad', 'https://github.com/PaddlePaddle/Paddle/blob/develop/paddle/phi/kernels/gpu/interpolate_grad_kernel.cu', 'co63oc', '2024-07-09']
['nextafter', 'https://github.com/PaddlePaddle/Paddle/blob/develop/paddle/phi/kernels/gpu/nextafter_kernel.cu', 'cyberslack_lee', '2023-04-27']
['nop', 'https://github.com/PaddlePaddle/Paddle/blob/develop/paddle/phi/kernels/gpu/nop_kernel.cu', 'gouzil', '2023-08-01']
['number_count', 'https://github.com/PaddlePaddle/Paddle/blob/develop/paddle/phi/kernels/gpu/number_count_kernel.cu', 'Roc', '2022-03-15']
['p_recv', 'https://github.com/PaddlePaddle/Paddle/blob/develop/paddle/phi/kernels/gpu/p_recv_kernel.cu', 'yu wentao', '2023-04-07']
['p_recv_array', 'https://github.com/PaddlePaddle/Paddle/blob/develop/paddle/phi/kernels/gpu/p_recv_kernel.cu', 'yu wentao', '2023-04-07']
['p_send', 'https://github.com/PaddlePaddle/Paddle/blob/develop/paddle/phi/kernels/gpu/p_send_kernel.cu', 'yu wentao', '2023-04-07']
['p_send_array', 'https://github.com/PaddlePaddle/Paddle/blob/develop/paddle/phi/kernels/gpu/p_send_kernel.cu', 'yu wentao', '2023-04-07']
['partial_allgather', 'https://github.com/PaddlePaddle/Paddle/blob/develop/paddle/phi/kernels/gpu/partial_allgather_kernel.cu', 'co63oc', '2024-08-08']
['partial_concat', 'https://github.com/PaddlePaddle/Paddle/blob/develop/paddle/phi/kernels/gpu/partial_concat_kernel.cu', 'co63oc', '2024-05-10']
['partial_concat_grad', 'https://github.com/PaddlePaddle/Paddle/blob/develop/paddle/phi/kernels/gpu/partial_concat_grad_kernel.cu', 'co63oc', '2024-05-10']
['partial_recv', 'https://github.com/PaddlePaddle/Paddle/blob/develop/paddle/phi/kernels/gpu/partial_recv_kernel.cu', 'co63oc', '2024-08-14']
['partial_send', 'https://github.com/PaddlePaddle/Paddle/blob/develop/paddle/phi/kernels/gpu/partial_send_kernel.cu', 'co63oc', '2024-08-08']
['polygamma', 'https://github.com/PaddlePaddle/Paddle/blob/develop/paddle/phi/kernels/gpu/polygamma_kernel.cu', 'PommesPeter', '2023-06-05']
['polygamma_grad', 'https://github.com/PaddlePaddle/Paddle/blob/develop/paddle/phi/kernels/gpu/polygamma_grad_kernel.cu', 'PommesPeter', '2023-06-05']
['pool2d_double_grad', 'https://github.com/PaddlePaddle/Paddle/blob/develop/paddle/phi/kernels/gpu/pool_grad_kernel.cu', 'Wei Shengyu', '2023-04-12']
['pow2_decay_with_linear_warmup', 'https://github.com/PaddlePaddle/Paddle/blob/develop/paddle/phi/kernels/gpu/pow2_decay_with_linear_warmup_kernel.cu', 'Zeng Jinle', '2021-10-19']
['pow_double_grad', 'https://github.com/PaddlePaddle/Paddle/blob/develop/paddle/phi/kernels/gpu/activation_grad_kernel.cu', 'fangfangssj', '2025-03-04']
['pow_triple_grad', 'https://github.com/PaddlePaddle/Paddle/blob/develop/paddle/phi/kernels/gpu/activation_grad_kernel.cu', 'fangfangssj', '2025-03-04']
['prune_gate_by_capacity', 'https://github.com/PaddlePaddle/Paddle/blob/develop/paddle/phi/kernels/gpu/prune_gate_by_capacity_kernel.cu', 'Roc', '2022-03-29']
['quant_linear', 'https://github.com/PaddlePaddle/Paddle/blob/develop/paddle/phi/kernels/gpu/quant_linear_kernel.cu', 'YSF', '2023-10-31']
['quantize_linear', 'https://github.com/PaddlePaddle/Paddle/blob/develop/paddle/phi/kernels/gpu/quantize_linear_kernel.cu', 'cyberslack_lee', '2024-05-21']
['quantize_linear_deprecated_infer', 'https://github.com/PaddlePaddle/Paddle/blob/develop/paddle/phi/kernels/gpu/quantize_linear_kernel.cu', 'YuanRisheng', '2024-05-27']
['quantize_linear_deprecated_train', 'https://github.com/PaddlePaddle/Paddle/blob/develop/paddle/phi/kernels/gpu/quantize_linear_kernel.cu', 'cyberslack_lee', '2024-05-21']
['radam', 'https://github.com/PaddlePaddle/Paddle/blob/develop/paddle/phi/kernels/gpu/radam_kernel.cu', 'megemini', '2024-05-16']
['random_routing', 'https://github.com/PaddlePaddle/Paddle/blob/develop/paddle/phi/kernels/gpu/random_routing_kernel.cu', 'Sonder', '2023-07-31']
['rank_attention', 'https://github.com/PaddlePaddle/Paddle/blob/develop/paddle/phi/kernels/gpu/rank_attention_kernel.cu', 'co63oc', '2024-05-24']
['rank_attention_grad', 'https://github.com/PaddlePaddle/Paddle/blob/develop/paddle/phi/kernels/gpu/rank_attention_grad_kernel.cu', 'co63oc', '2024-05-24']
['reduce', 'https://github.com/PaddlePaddle/Paddle/blob/develop/paddle/phi/kernels/gpu/reduce_kernel.cu', 'yu wentao', '2023-03-24']
['reduce_as', 'https://github.com/PaddlePaddle/Paddle/blob/develop/paddle/phi/kernels/gpu/reduce_as_kernel.cu', 'Zero Rains', '2024-04-19']
['reduce_as_grad', 'https://github.com/PaddlePaddle/Paddle/blob/develop/paddle/phi/kernels/gpu/reduce_as_grad_kernel.cu', 'Zero Rains', '2024-04-19']
['reduce_scatter', 'https://github.com/PaddlePaddle/Paddle/blob/develop/paddle/phi/kernels/gpu/reduce_scatter_kernel.cu', 'yu wentao', '2023-04-07']
['remainder_grad', 'https://github.com/PaddlePaddle/Paddle/blob/develop/paddle/phi/kernels/gpu/elementwise_grad_kernel.cu', 'BrilliantYuKaimin', '2022-05-10']
['repeat_interleave_with_tensor_index', 'https://github.com/PaddlePaddle/Paddle/blob/develop/paddle/phi/kernels/gpu/repeat_interleave_kernel.cu', 'seemingwang', '2022-08-03']
['repeat_interleave_with_tensor_index_grad', 'https://github.com/PaddlePaddle/Paddle/blob/develop/paddle/phi/kernels/gpu/repeat_interleave_grad_kernel.cu', 'seemingwang', '2022-08-03']
['rms_norm', 'https://github.com/PaddlePaddle/Paddle/blob/develop/paddle/phi/kernels/gpu/rms_norm_kernel.cu', 'ZZK', '2023-07-11']
['rms_norm_grad', 'https://github.com/PaddlePaddle/Paddle/blob/develop/paddle/phi/kernels/gpu/rms_norm_grad_kernel.cu', 'liuzhenhai93', '2024-02-27']
['rmsprop_dense_param_sparse_grad', 'https://github.com/PaddlePaddle/Paddle/blob/develop/paddle/phi/kernels/gpu/rmsprop_kernel.cu', 'hong', '2022-03-28']
['row_conv', 'https://github.com/PaddlePaddle/Paddle/blob/develop/paddle/phi/kernels/gpu/row_conv_kernel.cu', 'co63oc', '2024-07-17']
['row_conv_grad', 'https://github.com/PaddlePaddle/Paddle/blob/develop/paddle/phi/kernels/gpu/row_conv_grad_kernel.cu', 'co63oc', '2024-07-17']
['rprop', 'https://github.com/PaddlePaddle/Paddle/blob/develop/paddle/phi/kernels/gpu/rprop_kernel.cu', 'Winters Montagne', '2023-12-20']
['save_combine_vocab', 'https://github.com/PaddlePaddle/Paddle/blob/develop/paddle/phi/kernels/gpu/save_combine_kernel.cu', 'lujun', '2019-03-20']
['seed', 'https://github.com/PaddlePaddle/Paddle/blob/develop/paddle/phi/kernels/gpu/seed_kernel.cu', 'co63oc', '2024-07-17']
['sequence_expand', 'https://github.com/PaddlePaddle/Paddle/blob/develop/paddle/phi/kernels/gpu/sequence_expand_kernel.cu', 'co63oc', '2024-07-03']
['sequence_expand_grad', 'https://github.com/PaddlePaddle/Paddle/blob/develop/paddle/phi/kernels/gpu/sequence_expand_grad_kernel.cu', 'co63oc', '2024-07-03']
['sequence_mask', 'https://github.com/PaddlePaddle/Paddle/blob/develop/paddle/phi/kernels/gpu/sequence_mask_kernel.cu', 'Wang Xin', '2023-05-12']
['sequence_mask_scalar', 'https://github.com/PaddlePaddle/Paddle/blob/develop/paddle/phi/kernels/gpu/sequence_mask_kernel.cu', 'Sonder', '2023-06-26']
['sequence_pool', 'https://github.com/PaddlePaddle/Paddle/blob/develop/paddle/phi/kernels/gpu/sequence_pool_kernel.cu', 'gouzil', '2023-04-14']
['sequence_pool_grad', 'https://github.com/PaddlePaddle/Paddle/blob/develop/paddle/phi/kernels/gpu/sequence_pool_grad_kernel.cu', 'gouzil', '2023-04-27']
['sequence_softmax', 'https://github.com/PaddlePaddle/Paddle/blob/develop/paddle/phi/kernels/gpu/sequence_softmax_kernel.cu', 'co63oc', '2024-07-03']
['sequence_softmax_grad', 'https://github.com/PaddlePaddle/Paddle/blob/develop/paddle/phi/kernels/gpu/sequence_softmax_grad_kernel.cu', 'co63oc', '2024-07-03']
['set_value_with_scalar_grad', 'https://github.com/PaddlePaddle/Paddle/blob/develop/paddle/phi/kernels/gpu/set_value_grad_kernel.cu', 'JYChen', '2023-12-25']
['set_value_with_tensor', 'https://github.com/PaddlePaddle/Paddle/blob/develop/paddle/phi/kernels/gpu/set_value_kernel.cu', 'Feiyu Chan', '2022-10-11']
['sgd_dense_param_sparse_grad', 'https://github.com/PaddlePaddle/Paddle/blob/develop/paddle/phi/kernels/gpu/sgd_kernel.cu', 'hong', '2022-03-02']
['sgd_sparse_param_sparse_grad', 'https://github.com/PaddlePaddle/Paddle/blob/develop/paddle/phi/kernels/gpu/sgd_kernel.cu', 'hong', '2022-03-02']
['share_data', 'https://github.com/PaddlePaddle/Paddle/blob/develop/paddle/phi/kernels/gpu/share_data_kernel.cu', 'co63oc', '2024-07-02']
['shuffle_batch', 'https://github.com/PaddlePaddle/Paddle/blob/develop/paddle/phi/kernels/gpu/shuffle_batch_kernel.cu', 'Sonder', '2023-08-28']
['shuffle_batch_grad', 'https://github.com/PaddlePaddle/Paddle/blob/develop/paddle/phi/kernels/gpu/shuffle_batch_grad_kernel.cu', 'Sonder', '2023-08-28']
['shuffle_channel', 'https://github.com/PaddlePaddle/Paddle/blob/develop/paddle/phi/kernels/gpu/shuffle_channel_kernel.cu', 'co63oc', '2024-04-25']
['shuffle_channel_grad', 'https://github.com/PaddlePaddle/Paddle/blob/develop/paddle/phi/kernels/gpu/shuffle_channel_grad_kernel.cu', 'co63oc', '2024-04-25']
['sin_double_grad', 'https://github.com/PaddlePaddle/Paddle/blob/develop/paddle/phi/kernels/gpu/activation_grad_kernel.cu', 'hong', '2022-03-30']
['sin_triple_grad', 'https://github.com/PaddlePaddle/Paddle/blob/develop/paddle/phi/kernels/gpu/activation_grad_kernel.cu', 'cyber-pioneer', '2022-11-09']
['soft_relu', 'https://github.com/PaddlePaddle/Paddle/blob/develop/paddle/phi/kernels/gpu/soft_relu_kernel.cu', 'co63oc', '2024-09-03']
['soft_relu_grad', 'https://github.com/PaddlePaddle/Paddle/blob/develop/paddle/phi/kernels/gpu/soft_relu_grad_kernel.cu', 'co63oc', '2024-09-03']
['sparse_momentum', 'https://github.com/PaddlePaddle/Paddle/blob/develop/paddle/phi/kernels/gpu/sparse_momentum_kernel.cu', 'Guoxia Wang', '2021-08-27']
['split_with_num', 'https://github.com/PaddlePaddle/Paddle/blob/develop/paddle/phi/kernels/gpu/split_kernel.cu', 'Charles-hit', '2022-08-31']
['standard_gamma', 'https://github.com/PaddlePaddle/Paddle/blob/develop/paddle/phi/kernels/gpu/standard_gamma_kernel.cu', 'MayYouBeProsperous', '2024-01-04']
['stft', 'https://github.com/PaddlePaddle/Paddle/blob/develop/paddle/phi/kernels/gpu/stft_kernel.cu', 'gouzil', '2023-05-16']
['stft_grad', 'https://github.com/PaddlePaddle/Paddle/blob/develop/paddle/phi/kernels/gpu/stft_grad_kernel.cu', 'KP', '2022-03-23']
['straight_through_estimator_grad', 'https://github.com/PaddlePaddle/Paddle/blob/develop/paddle/phi/kernels/gpu/straight_through_estimator_grad_kernel.cu', 'co63oc', '2024-08-12']
['strided_copy', 'https://github.com/PaddlePaddle/Paddle/blob/develop/paddle/phi/kernels/gpu/strided_copy_kernel.cu', 'wanghuancoder', '2023-07-31']
['strided_slice_array', 'https://github.com/PaddlePaddle/Paddle/blob/develop/paddle/phi/kernels/gpu/strided_slice_kernel.cu', 'Aurelius84', '2022-03-25']
['strided_slice_array_grad', 'https://github.com/PaddlePaddle/Paddle/blob/develop/paddle/phi/kernels/gpu/strided_slice_grad_kernel.cu', 'Aurelius84', '2022-03-25']
['strided_slice_raw', 'https://github.com/PaddlePaddle/Paddle/blob/develop/paddle/phi/kernels/gpu/strided_slice_kernel.cu', 'Aurelius84', '2022-03-25']
['strided_slice_raw_grad', 'https://github.com/PaddlePaddle/Paddle/blob/develop/paddle/phi/kernels/gpu/strided_slice_grad_kernel.cu', 'Aurelius84', '2022-03-25']
['swiglu', 'https://github.com/PaddlePaddle/Paddle/blob/develop/paddle/phi/kernels/gpu/swiglu_kernel.cu', 'sneaxiy', '2024-02-05']
['swiglu_grad', 'https://github.com/PaddlePaddle/Paddle/blob/develop/paddle/phi/kernels/gpu/swiglu_grad_kernel.cu', 'sneaxiy', '2024-02-05']
['sync_comm_stream', 'https://github.com/PaddlePaddle/Paddle/blob/develop/paddle/phi/kernels/gpu/sync_comm_stream_kernel.cu', 'co63oc', '2024-09-27']
['top_p_sampling', 'https://github.com/PaddlePaddle/Paddle/blob/develop/paddle/phi/kernels/gpu/top_p_sampling_kernel.cu', 'Yuanle Liu', '2024-08-28']
['trans_layout_grad', 'https://github.com/PaddlePaddle/Paddle/blob/develop/paddle/phi/kernels/gpu/transpose_grad_kernel.cu', 'niuliling123', '2023-05-15']
['tril', 'https://github.com/PaddlePaddle/Paddle/blob/develop/paddle/phi/kernels/gpu/tril_triu_kernel.cu', 'caozhou', '2022-03-16']
['tril_grad', 'https://github.com/PaddlePaddle/Paddle/blob/develop/paddle/phi/kernels/gpu/tril_triu_grad_kernel.cu', 'caozhou', '2022-03-16']
['triu', 'https://github.com/PaddlePaddle/Paddle/blob/develop/paddle/phi/kernels/gpu/tril_triu_kernel.cu', 'YuanRisheng', '2022-11-17']
['triu_grad', 'https://github.com/PaddlePaddle/Paddle/blob/develop/paddle/phi/kernels/gpu/tril_triu_grad_kernel.cu', 'YuanRisheng', '2022-11-17']
['uniform_random_batch_size_like', 'https://github.com/PaddlePaddle/Paddle/blob/develop/paddle/phi/kernels/gpu/uniform_random_batch_size_like_kernel.cu', 'co63oc', '2024-05-24']
['unique_raw', 'https://github.com/PaddlePaddle/Paddle/blob/develop/paddle/phi/kernels/gpu/unique_kernel.cu', 'csy0225', '2022-03-31']
['weight_dequantize', 'https://github.com/PaddlePaddle/Paddle/blob/develop/paddle/phi/kernels/gpu/weight_dequantize_kernel.cu', 'Yuanle Liu', '2023-10-10']
['weight_only_linear', 'https://github.com/PaddlePaddle/Paddle/blob/develop/paddle/phi/kernels/gpu/weight_only_linear_kernel.cu', 'zhenyun', '2023-08-22']
['weight_only_linear_grad', 'https://github.com/PaddlePaddle/Paddle/blob/develop/paddle/phi/kernels/gpu/weight_only_linear_grad_kernel.cu', 'Yuanle Liu', '2023-09-27']
['weight_quantize', 'https://github.com/PaddlePaddle/Paddle/blob/develop/paddle/phi/kernels/gpu/weight_quantize_kernel.cu', 'Wang Bojun', '2023-11-24']
['weighted_sample_neighbors', 'https://github.com/PaddlePaddle/Paddle/blob/develop/paddle/phi/kernels/gpu/weighted_sample_neighbors_kernel.cu', 'Siming Dai', '2023-04-24']
['yolo_box_head', 'https://github.com/PaddlePaddle/Paddle/blob/develop/paddle/phi/kernels/gpu/yolo_box_head_kernel.cu', 'zhupengyang', '2022-05-17']
['yolo_box_post', 'https://github.com/PaddlePaddle/Paddle/blob/develop/paddle/phi/kernels/gpu/yolo_box_post_kernel.cu', 'zhupengyang', '2022-05-17']
