abs,furnace,2022-05-12
abs_grad,Kai Song,Song
accuracy,Aganlengzi,(Aganlengzi
adadelta,Kai Song,Song
adagrad,Kai Song,Song
adam,ronnywang,(ronnywang
adamw,Aganlengzi,2022-06-20
add,furnace,2022-05-25
add_grad,furnace,2022-05-25
add_n,furnace,2022-06-07
add_raw,furnace,2022-05-25
all,Kai Song,Song
all_raw,Kai Song,Song
any,USTCKAY,2022-09-02
arange,Kai Song,Song
arange_tensor,furnace,(furnace
argmax,Aganlengzi,2022-07-06
argmin,Aganlengzi,2022-07-06
argsort,Aganlengzi,(Aganlengzi
argsort_grad,duanyanhui,2022-09-05
as_strided,will-core,2024-03-25
assign,Aganlengzi,2022-07-06
assign_array,Aganlengzi,2022-07-06
assign_raw,Aganlengzi,2022-07-06
assign_value,Aganlengzi,2022-07-06
atan,Aganlengzi,2022-07-06
atan_grad,Aganlengzi,2022-07-06
batch_norm,Aganlengzi,(Aganlengzi
batch_norm_grad,Aganlengzi,(Aganlengzi
batch_norm_infer,Aganlengzi,(Aganlengzi
bce_loss,furnace,2022-05-25
bce_loss_grad,furnace,2022-05-25
bilinear_interp,duanyanhui,2022-08-25
bilinear_interp_grad,duanyanhui,2022-08-25
bitwise_and,Kai Song,Song
bitwise_not,Kai Song,Song
bitwise_or,Kai Song,Song
bitwise_xor,Kai Song,Song
blha_get_max_len,ronnywang,2024-05-21
block_multihead_attention,ronnywang,2024-05-15
bmm,shentanyue,2022-11-22
bmm_grad,shentanyue,2022-11-22
box_coder,duanyanhui,2022-08-25
c_identity,tianhaodongbd,2024-02-28
cast,Aganlengzi,(Aganlengzi
celu,YuhangLi,2022-12-28
celu_grad,YuhangLi,2022-12-28
check_finite_and_unscale,ronnywang,2022-08-22
clip,furnace,2022-05-25
clip_by_norm,duanyanhui,(duanyanhui
clip_grad,furnace,2022-05-25
coalesce_tensor,USTCKAY,2022-09-14
concat,furnace,2022-05-25
concat_grad,furnace,2022-05-25
contiguous,Tongkai,2024-03-15
conv2d,Qi Li,Li
conv2d_grad,Qi Li,Li
conv2d_transpose,Aganlengzi,2022-07-06
conv2d_transpose_grad,Aganlengzi,2022-07-06
conv3d,Aganlengzi,2022-07-13
conv3d_grad,Aganlengzi,2022-07-06
cos,Aganlengzi,(Aganlengzi
cos_grad,Aganlengzi,2022-07-06
cross_entropy_with_softmax,Aganlengzi,2022-04-15
cross_entropy_with_softmax_grad,Aganlengzi,2022-04-15
cumprod,wangna11BD,2024-08-19
cumsum,Aganlengzi,2022-06-20
deformable_conv,duanyanhui,2023-05-29
deformable_conv_grad,duanyanhui,2023-05-30
depthwise_conv2d,ronnywang,(ronnywang
depthwise_conv2d_grad,Aganlengzi,2022-07-13
depthwise_conv2d_transpose,xuanyuanminzheng,2024-04-26
depthwise_conv2d_transpose_grad,xuanyuanminzheng,2024-04-26
diag,shentanyue,2022-11-22
diagonal,duanyanhui,2023-06-01
diagonal_grad,duanyanhui,2023-06-05
divide,furnace,2022-05-25
divide_grad,furnace,2022-05-25
divide_raw,furnace,2022-05-25
dropout,furnace,2022-06-07
dropout_grad,furnace,2022-06-07
einsum,xuanyuanminzheng,2024-07-31
einsum_grad,Kai Song,Song
einsum_infer,duanyanhui,2023-06-05
elementwise_pow,Aganlengzi,2022-07-13
elementwise_pow_grad,Aganlengzi,2022-07-13
elementwise_pow_raw,Aganlengzi,2022-07-13
elu,YuhangLi,2022-12-28
elu_grad,YuhangLi,2022-12-28
embedding,Aganlengzi,2022-06-10
embedding_grad,Aganlengzi,2022-06-10
exp,Aganlengzi,2022-07-06
exp_grad,furnace,2022-05-12
expand,Aganlengzi,2022-07-22
expand_as,Aganlengzi,2022-07-22
expand_grad,Aganlengzi,2022-07-22
eye,Aganlengzi,2022-07-22
fill,xuanyuanminzheng,2024-01-30
fill_diagonal,Kai Song,Song
fill_diagonal_grad,Kai Song,Song
fill_diagonal_tensor,duanyanhui,2023-06-05
fill_diagonal_tensor_grad,duanyanhui,2023-06-05
fill_grad,xuanyuanminzheng,2024-01-30
flip,Kai Song,Song
floor,Aganlengzi,2022-06-23
floor_divide,Aganlengzi,2022-07-13
floor_grad,Leo Chen,Chen
full,ronnywang,(ronnywang
full_batch_size_like,Aganlengzi,2022-06-23
full_like,ronnywang,(ronnywang
fused_bias_act,ronnywang,2024-05-15
fused_bias_residual_layernorm,ronnywang,2024-05-15
fused_gemm_epilogue,zlzzl,2024-02-28
fused_gemm_epilogue_grad,zlzzl,2024-02-28
fused_linear_param_grad_add,zlzzl,2024-03-06
gather,Aganlengzi,2022-07-22
gather_grad,Aganlengzi,2022-07-22
gather_nd,Aganlengzi,2022-07-22
gather_nd_grad,Aganlengzi,2022-07-22
gaussian,Aganlengzi,(Aganlengzi
gelu,Leo Chen,Chen
gelu_grad,Aganlengzi,2022-06-20
grid_sample,duanyanhui,2023-06-15
grid_sample_grad,duanyanhui,2023-06-15
group_norm,duanyanhui,2022-08-25
group_norm_grad,duanyanhui,2022-08-25
hard_shrink,YuhangLi,2023-01-09
hard_shrink_grad,YuhangLi,2023-01-03
hardsigmoid,TBD1,2023-07-18
hardsigmoid_grad,Aganlengzi,2022-07-25
hardswish,Aganlengzi,2022-07-25
hardswish_grad,Aganlengzi,2022-07-25
hardtanh,Aganlengzi,2022-07-25
hardtanh_grad,TBD1,2023-07-18
histogram,YuhangLi,2023-04-14
huber_loss,Aganlengzi,2022-08-08
huber_loss_grad,Aganlengzi,2022-08-08
increment,Aganlengzi,2022-08-08
index_put,xuanyuanminzheng,2024-01-30
index_put_grad,xuanyuanminzheng,2024-01-30
index_sample,USTCKAY,2022-08-16
index_sample_grad,USTCKAY,2022-08-16
index_select,Aganlengzi,2022-06-20
index_select_grad,Aganlengzi,2022-06-20
inverse,Kai Song,Song
is_empty,USTCKAY,2022-08-15
isfinite,Kai Song,Song
isinf,Kai Song,Song
isnan,Kai Song,Song
kldiv_loss,USTCKAY,2022-08-22
kldiv_loss_grad,USTCKAY,2022-08-22
label_smooth,USTCKAY,2022-08-16
label_smooth_grad,USTCKAY,2022-08-16
layer_norm,Aganlengzi,2022-06-20
layer_norm_grad,Aganlengzi,2022-06-20
leaky_relu,Aganlengzi,2022-07-13
leaky_relu_grad,furnace,2022-05-12
linspace,Kai Song,Song
log,Aganlengzi,2022-06-23
log2,Kai Song,Song
log2_grad,Kai Song,Song
log_grad,Aganlengzi,2022-06-23
log_loss,Aganlengzi,2022-06-10
log_loss_grad,shentanyue,2022-11-09
log_softmax,furnace,2022-06-07
log_softmax_grad,furnace,2022-06-07
logical_and,Yunpeng Bai,Bai
logical_not,Yunpeng Bai,Bai
logical_or,Yunpeng Bai,Bai
logsigmoid,lijinxin6,2024-04-11
logsigmoid_grad,lijinxin6,2024-04-11
masked_multihead_attention,ronnywang,2024-05-15
masked_select,USTCKAY,2022-09-01
masked_select_grad,USTCKAY,2022-09-01
matmul,Aganlengzi,(Aganlengzi
matmul_grad,Aganlengzi,(Aganlengzi
max,ronnywang,(ronnywang
max_grad,Aganlengzi,2022-06-23
max_raw,ronnywang,(ronnywang
maximum,furnace,2022-05-25
maximum_grad,furnace,2022-05-25
maximum_raw,furnace,2022-05-25
mean,Kai Song,Song
mean_all,Aganlengzi,(Aganlengzi
mean_all_grad,Aganlengzi,2022-04-15
mean_grad,Kai Song,Song
mean_raw,ronnywang,(ronnywang
memcpy,duanyanhui,2022-09-09
memcpy_d2h,duanyanhui,2022-09-09
memcpy_d2h_multi_io,duanyanhui,2022-09-09
memcpy_h2d,duanyanhui,2022-09-09
merged_momentum,duanyanhui,2022-09-05
meshgrid,furnace,2022-05-26
min,ronnywang,(ronnywang
min_grad,will-jl944,2024-11-18
min_raw,ronnywang,(ronnywang
minimum,furnace,2022-05-25
minimum_grad,furnace,2022-05-25
minimum_raw,furnace,2022-05-25
mish,Kai Song,Song
mish_grad,Kai Song,Song
momentum,ronnywang,(ronnywang
multinomial,Aganlengzi,2022-06-23
multiply,furnace,2022-05-25
multiply_grad,furnace,2022-05-25
multiply_raw,furnace,2022-05-25
name,YuhangLi,2023-04-23
name##_raw,YuhangLi,2023-04-23
nearest_interp,furnace,2022-05-26
nearest_interp_grad,furnace,2022-05-26
nll_loss,xuanyuanminzheng,2024-06-27
nll_loss_grad,xuanyuanminzheng,2024-06-27
nonzero,Aganlengzi,(Aganlengzi
norm,USTCKAY,2022-08-15
norm_grad,USTCKAY,2022-08-15
npu_identity,Qi Li,Li
one_hot,furnace,2022-06-07
one_hot_raw,furnace,2022-06-07
p_norm,USTCKAY,2022-08-16
p_norm_grad,USTCKAY,2022-08-16
pad,furnace,2022-06-07
pad3d,USTCKAY,2022-08-22
pad3d_grad,USTCKAY,2022-08-22
pad_grad,furnace,2022-06-07
pool2d,ronnywang,(ronnywang
pool2d_grad,Aganlengzi,2022-06-16
pow,furnace,2022-05-12
pow_grad,Aganlengzi,2022-06-23
prelu,Kai Song,Song
prelu_grad,Kai Song,Song
prior_box,USTCKAY,2022-09-02
prod,furnace,2022-05-25
prod_grad,Kai Song,Song
prod_infer,furnace,2022-05-25
randint,wangna11BD,2024-08-19
randperm,USTCKAY,2022-09-02
reciprocal,YuhangLi,2023-01-03
reciprocal_grad,Yunpeng Bai,Bai
relu,duanyanhui,2023-07-07
relu6,furnace,2022-05-12
relu6_grad,Aganlengzi,2022-07-13
relu_grad,Aganlengzi,(Aganlengzi
remainder,Aganlengzi,2022-07-13
remainder_raw,Aganlengzi,2022-07-13
rms_norm,ronnywang,2024-05-15
rmsprop,USTCKAY,2022-08-24
rnn,Kai Song,Song
rnn_grad,Kai Song,Song
roi_align,USTCKAY,2022-08-24
roi_align_grad,USTCKAY,2022-08-24
roll,Kai Song,Song
roll_grad,Kai Song,Song
round,Kai Song,Song
round_grad,Kai Song,Song
rsqrt,Kai Song,Song
rsqrt_grad,Kai Song,Song
scale,Aganlengzi,(Aganlengzi
scatter,USTCKAY,2022-08-24
scatter_grad,YuhangLi,2023-02-22
scatter_nd_add,Kai Song,Song
scatter_nd_add_grad,Kai Song,Song
selu,Kai Song,Song
selu_grad,Kai Song,Song
sequence_mask,TBD1,2023-07-27
set_value,Aganlengzi,2022-06-14
set_value_with_tensor,Kai Song,Song
sgd,ronnywang,(ronnywang
shard_index,Yunpeng Bai,Bai
sigmoid,Aganlengzi,2022-06-20
sigmoid_cross_entropy_with_logits,furnace,2022-05-25
sigmoid_cross_entropy_with_logits_grad,furnace,2022-05-25
sigmoid_grad,furnace,2022-05-12
sign,Kai Song,Song
silu,USTCKAY,2022-08-10
silu_grad,duanyanhui,2023-07-07
sin,furnace,2022-05-12
slice,ronnywang,(ronnywang
slice_array,duanyanhui,2022-12-06
slice_array_dense,duanyanhui,2022-12-06
slice_array_dense_grad,duanyanhui,2022-12-06
slice_array_grad,duanyanhui,2022-12-06
slice_grad,duanyanhui,2022-12-06
softmax,Aganlengzi,(Aganlengzi
softmax_grad,Aganlengzi,(Aganlengzi
softplus,Yunpeng Bai,Bai
softplus_grad,YuhangLi,2023-01-09
softshrink,YuhangLi,2023-01-09
softshrink_grad,YuhangLi,2023-01-09
split,ronnywang,2022-08-09
split_with_num,USTCKAY,2022-10-20
sqrt,furnace,2022-06-07
sqrt_grad,furnace,2022-06-07
square,furnace,2022-06-07
square_grad,furnace,2022-06-07
squared_l2_norm,Yunpeng Bai,Bai
squared_l2_norm_grad,Yunpeng Bai,Bai
squeeze,furnace,2022-06-07
squeeze_grad,Aganlengzi,2022-07-22
squeeze_with_xshape,furnace,2022-06-07
stack,furnace,2022-05-25
stack_grad,furnace,2022-05-25
strided_copy,Tongkai,2024-03-15
strided_slice,Leo Chen,Chen
strided_slice_array,duanyanhui,2022-12-08
strided_slice_array_grad,duanyanhui,2022-12-08
strided_slice_grad,Leo Chen,Chen
strided_slice_raw,USTCKAY,2022-09-01
strided_slice_raw_grad,USTCKAY,2022-09-01
subtract,furnace,2022-05-25
subtract_grad,furnace,2022-05-25
subtract_raw,furnace,2022-05-25
sum,furnace,2022-06-07
sum_grad,furnace,2022-06-07
sum_raw,ronnywang,(ronnywang
swiglu,zhenwenqi2024,2024-04-08
swiglu_grad,zhenwenqi2024,2024-04-08
swish,USTCKAY,2022-08-10
swish_grad,USTCKAY,2022-08-10
take_along_axis,Aganlengzi,2022-06-23
take_along_axis_grad,Aganlengzi,2022-06-23
tanh,Aganlengzi,2022-06-20
tanh_grad,Aganlengzi,2022-06-20
tile,duanyanhui,2022-08-17
tile_grad,Kai Song,Song
top_p_sampling,ronnywang,2024-05-15
topk,Aganlengzi,(Aganlengzi
transpose,furnace,2022-05-25
transpose_grad,furnace,2022-05-25
tril,Kai Song,Song
tril_grad,Kai Song,Song
tril_triu,duanyanhui,2022-08-17
tril_triu_grad,Kai Song,Song
triu,YuanRisheng,2022-11-21
triu_grad,Kai Song,Song
truncated_gaussian_random,Aganlengzi,2022-06-10
unbind,Kai Song,Song
uniform,Aganlengzi,(Aganlengzi
uniform_raw,Aganlengzi,(Aganlengzi
unsqueeze,Aganlengzi,2022-06-14
unsqueeze_grad,Aganlengzi,2022-06-14
unsqueeze_with_xshape,Aganlengzi,2022-07-22
unstack,Yunpeng Bai,Bai
unstack_grad,Yunpeng Bai,Bai
update_loss_scaling,ronnywang,2022-08-22
variable_length_memory_efficient_attention,ronnywang,2024-05-15
warpctc,will-jl944,2024-06-28
warpctc_grad,will-jl944,2024-06-28
where,Aganlengzi,(Aganlengzi
where_grad,Aganlengzi,(Aganlengzi
